{
  "port": 3000,
  "cloudant_url": "https://apikey-v2-1dsxa1ajb753gakd1wpj49ql0uqs2xpn7jvz9enhpcsh:25338d975e9dc603c0e903930a47e39a@e6e51151-9b83-410f-a0ff-1abee0857053-bluemix.cloudantnosqldb.appdomain.cloud",
  "cloudant_apikey": "tZPtggUNQuqQvDXq31MyqQvcxN7QIGp00ipVeIoV_Zbw",
  "cloudant_host": "e6e51151-9b83-410f-a0ff-1abee0857053-bluemix.cloudantnosqldb.appdomain.cloud",
  "cloudant_iam_apikey_description": "Auto-generated for key 801e6257-1dfc-473a-b39d-3c6aab05a7d5",
  "cloudant_iam_apikey_name": "d20ae422-f67f-4e8b-b37f-77943083d1ca",
  "cloudant_iam_role_crn": "crn:v1:bluemix:public:iam::::serviceRole:Writer",
  "cloudant_iam_serviceid_crn": "crn:v1:bluemix:public:iam-identity::a/dfcd203277844c7fb684fdf6477e0fd3::serviceid:ServiceId-fda55d1f-4610-4880-a2c6-35c49ffd8e12",
  "cloudant_password": "25338d975e9dc603c0e903930a47e39a",
  "cloudant_port": 443,
  "cloudant_username": "apikey-v2-1dsxa1ajb753gakd1wpj49ql0uqs2xpn7jvz9enhpcsh"
}
